Ana Souza;anasouza1@mail.com
Bruno Silva;brunosilva2@mail.com
Carlos Pereira;carlospereira3@mail.com
Daniela Costa;danielacosta4@mail.com
Eduardo Lima;eduardolima5@mail.com
Fernanda Rocha;fernandarocha6@mail.com
Gabriel Martins;gabrielmartins7@mail.com
Helena Alves;helenaalves8@mail.com
Igor Ribeiro;igorribeiro9@mail.com
Juliana Nogueira;juliananogueira10@mail.com
Lucas Fernandes;lucasfernandes11@mail.com
Mariana Araujo;marianaaraujo12@mail.com
Nathan Teixeira;nathanteixeira13@mail.com
Olivia Barros;oliviabarros14@mail.com
Paulo Henrique;paulohenrique15@mail.com
Renata Pacheco;renatapacheco16@mail.com
Samuel Batista;samuelbatista17@mail.com
Tatiana Freitas;tatianafreitas18@mail.com
Ulysses Moraes;ulyssesmoraes19@mail.com
Vanessa Guedes;vanessaguedes20@mail.com
William Farias;williamfarias21@mail.com
Xavier Monteiro;xaviermonteiro22@mail.com
Yasmin Cardoso;yasmimcardoso23@mail.com
Zeca Cunha;zecacunha24@mail.com
Alan Moreira;alanmoreira25@mail.com
Bianca Torres;biancatorres26@mail.com
Caio Rangel;caiorangel27@mail.com
Debora Figueiredo;deborafigueiredo28@mail.com
Elton Macedo;eltonmacedo29@mail.com
Fabiana Lopes;fabianalopes30@mail.com
Gustavo Pimentel;gustavopimentel31@mail.com
Heloisa Antunes;heloisaantunes32@mail.com
Ivan Peixoto;ivanpeixoto33@mail.com
Joana Siqueira;joanasiqueira34@mail.com
Kevin Duarte;kevinduarte35@mail.com
Larissa Motta;larissamotta36@mail.com
Marcelo Rios;marcelorios37@mail.com
Natalia Dantas;nataliadantas38@mail.com
Otavio Meireles;otaviomeireles39@mail.com
Patricia Leal;patricialeal40@mail.com
Rafael Queiroz;rafaelqueiroz41@mail.com
Sabrina Rezende;sabrinarezende42@mail.com
Tiago Azevedo;tiagoazevedo43@mail.com
Viviane Campos;vivianecampos44@mail.com
Wesley Neves;wesleyneves45@mail.com
Anderson Brito;andersonbrito46@mail.com
Beatriz Paiva;beatrizpaiva47@mail.com
Cristiano Lemos;cristianolemos48@mail.com
Daiane Mello;daianemello49@mail.com
Everton Kuster;evertonkuster50@mail.com
Felipe Goulart;felipegoulart51@mail.com
Giovana Portela;giovanaportela52@mail.com
Henrique Coelho;henriquecoelho53@mail.com
Isabela Tavares;isabelatavares54@mail.com
Jonas Pires;jonaspires55@mail.com
Kamila Bittencourt;kamilabittencourt56@mail.com
Leandro Falcão;leandrofalcao57@mail.com
Monique Seabra;moniqueseabra58@mail.com
Nelson Trindade;nelsontrindade59@mail.com
Priscila Amaral;priscilaamaral60@mail.com
Ricardo Belmonte;ricardobelmonte61@mail.com
Sheila Vasconcelos;sheilavasconcelos62@mail.com
Victor Ramalho;victorramalho63@mail.com
Aline Godoy;alinegodoy64@mail.com
Bernardo Lopes;bernardolopes65@mail.com
Camila Serafim;camilaserafim66@mail.com
Diego Fontes;diegofontes67@mail.com
Elisa Drumond;elisadrumond68@mail.com
Fábio Moutinho;fabiomoutinho69@mail.com
Glaucia Pavan;glauciapavan70@mail.com
Hugo Barcellos;hugobarcellos71@mail.com
Ingrid Valença;ingridvalenca72@mail.com
João Vitor;joaovitor73@mail.com
Kelly Andrade;kellyandrade74@mail.com
Leonardo Pinheiro;leonardopinheiro75@mail.com
Mayara Cordeiro;mayaracordeiro76@mail.com
Nicolas Lacerda;nicolaslacerda77@mail.com
Orlando Guimarães;orlandoguimaraes78@mail.com
Patrícia Klein;patriciaklein79@mail.com
Rodrigo Ferraz;rodrigoferraz80@mail.com
Simone Rangel;simoneangel81@mail.com
Tales Bortolini;talesbortolini82@mail.com
Vitor Hugo;vitorhugo83@mail.com
Willian Rezende;willianrezende84@mail.com
Adriana Cunha;adrianacunha85@mail.com
Bruna Ferretti;brunaferretti86@mail.com
César Galvão;cesargalvao87@mail.com
Denise Pupo;denisepupo88@mail.com
Elias Corrêa;eliascorrea89@mail.com
Flavia Bessa;flaviabessa90@mail.com
Guilherme Paes;guilhermepaes91@mail.com
Heitor Fonseca;heitorfonseca92@mail.com
Irene Lobato;irenelobato93@mail.com
Jeferson Mattos;jefersonmattos94@mail.com
Karina Xavier;karinaxavier95@mail.com
Luiz Otavio;luizotavio96@mail.com
Milena Fraga;milenafraga97@mail.com
Norberto Sales;norbertosales98@mail.com
Paula Rangel;paularangel99@mail.com
Ronan Afonso;ronanafonsor100@mail.com